format_type,title,content,metadata
linkedin_post,AI Breakthrough,"ğŸš€ Exciting breakthrough in AI reasoning!

New research from Stanford shows remarkable improvements in:
â€¢ Complex reasoning tasks (+40% accuracy)
â€¢ Multi-step problem solving
â€¢ Mathematical proofs and logic

This could transform how we approach:
âœ“ Software development
âœ“ Scientific research
âœ“ Educational tools

The key insight? Teaching AI to ""think step by step"" dramatically improves performance.

What implications do you see for your industry?

#AI #Technology #Innovation #Research","{""tone"": ""professional"", ""length"": ""medium""}"
linkedin_post,Productivity Tips,"ğŸ’¡ 3 productivity hacks that changed my workflow:

1ï¸âƒ£ Time-blocking: Schedule focused work in 2-hour chunks
   â†’ No meetings, no slack, pure deep work

2ï¸âƒ£ The 2-minute rule: If it takes <2 min, do it now
   â†’ Prevents small tasks from becoming big problems

3ï¸âƒ£ Weekly reviews: Every Friday, reflect and plan
   â†’ What worked? What didn't? Adjust for next week

Small changes â†’ massive impact on output quality.

Which productivity method works best for you? ğŸ‘‡

#Productivity #TimeManagement #WorkTips #Focus","{""tone"": ""helpful"", ""length"": ""short""}"
twitter_thread,Startup Lessons,"ğŸ§µ 5 hard lessons from building my first startup:

1/ Customer interviews > your brilliant idea
Talk to 100 potential customers before writing code. Your assumptions are probably wrong.

2/ MVP should be embarrassingly simple
If you're not slightly embarrassed by v1, you launched too late.

3/ Distribution is harder than building
Great product + no distribution = failed startup. Plan go-to-market from day 1.

4/ Cash flow > vanity metrics
Revenue matters more than downloads, users, or press coverage.

5/ Find a co-founder you'd want as a friend
You'll spend more time with them than family. Choose wisely.

What would you add to this list? ğŸ‘‡

#StartupLife #Entrepreneurship #Lessons","{""tone"": ""educational"", ""length"": ""long""}"
newsletter,Weekly Tech Digest,"ğŸ“° This Week in Tech

ğŸ‘‹ Hey there! Here's what caught my attention this week:

ğŸ”¥ HOT TOPIC: Meta's New VR Breakthrough
Meta announced Quest 3 with mixed reality capabilities. The $499 price point makes VR accessible to mainstream consumers for the first time.

ğŸ’¡ WHY THIS MATTERS:
VR adoption has been slow due to cost and comfort issues. Quest 3 addresses both with:
â€¢ 40% lighter design
â€¢ 4K displays per eye
â€¢ Competitive pricing vs Apple Vision Pro

ğŸ“Š BY THE NUMBERS:
â€¢ VR market expected to reach $87B by 2030
â€¢ 31% of US adults interested in VR for work
â€¢ Average session time increased to 45 minutes

ğŸ¯ ACTION ITEM FOR YOU:
If you're in product development, consider how VR/AR might enhance your user experience.

ğŸ“– WEEKEND READ:
""The Metaverse Roadmap"" by John Smart

Stay curious!
-Alex","{""tone"": ""friendly"", ""length"": ""long""}"